-- phpMyAdmin SQL Dump
-- version 5.2.1
-- https://www.phpmyadmin.net/
--
-- Host: 127.0.0.1
-- Waktu pembuatan: 04 Jun 2024 pada 08.59
-- Versi server: 10.4.28-MariaDB
-- Versi PHP: 8.0.28

SET SQL_MODE = "NO_AUTO_VALUE_ON_ZERO";
START TRANSACTION;
SET time_zone = "+00:00";


/*!40101 SET @OLD_CHARACTER_SET_CLIENT=@@CHARACTER_SET_CLIENT */;
/*!40101 SET @OLD_CHARACTER_SET_RESULTS=@@CHARACTER_SET_RESULTS */;
/*!40101 SET @OLD_COLLATION_CONNECTION=@@COLLATION_CONNECTION */;
/*!40101 SET NAMES utf8mb4 */;

--
-- Database: `spk-saw-native`
--

-- --------------------------------------------------------

--
-- Struktur dari tabel `alternatif`
--

CREATE TABLE `alternatif` (
  `id_alternatif` int(11) NOT NULL,
  `nama` varchar(100) NOT NULL,
  `no_peserta` char(20) NOT NULL,
  `nik_pengurus` char(20) NOT NULL,
  `id_keluarga_dtks` char(20) NOT NULL,
  `alamat` text NOT NULL,
  `tahap` varchar(100) NOT NULL,
  `tahun` varchar(100) NOT NULL
) ENGINE=InnoDB DEFAULT CHARSET=latin1 COLLATE=latin1_swedish_ci;

--
-- Dumping data untuk tabel `alternatif`
--

INSERT INTO `alternatif` (`id_alternatif`, `nama`, `no_peserta`, `nik_pengurus`, `id_keluarga_dtks`, `alamat`, `tahap`, `tahun`) VALUES
(11, 'A1', '637203221000012', '6372064606830002', '6372032002000519001', 'KAMP BATUAH TIMUR RT.02', '1', '2024'),
(12, 'A2', '637203221000012', '6372064606830002', '6372032002000519001', 'KAMP BATUAH TIMUR RT.03', '1', '2024'),
(13, 'A3', '637203221000012', '6372064606830002', '6372032002000519001', 'KAMP BATUAH TIMUR RT.04', '1', '2024'),
(22, 'A4', '03053950395039', '209429402942049', '24924294294090', 'OSFSOFJSFJSLFJS', '1', '2024'),
(23, 'A5', '409242942009090', '20920294024920', '20392402942049240', 'DSJDSJFLSFJSLFJ', '1', '2024'),
(24, 'A6', '482042804284028', '204204204240', '30204820482048', 'JDKSJFKSFJSF', '1', '2024'),
(25, 'A7', '5284028402480', '3203284024820', '31018301830138', 'DJKDSJFKSJKFSJFK', '1', '2024'),
(26, 'A8', '420420429408920', '209204920492', '038204820482048', 'DJKASDJSKJSK', '1', '2024'),
(27, 'A9', '242042042048204', '305930593069305', '3093093093093', 'SJKSJFSKFJSKFJSKF', '1', '2024'),
(28, 'A10', '9540693409305935', '940249204920492', '930429029420492', 'KJDKASDFJSKFJSKF', '1', '2024'),
(29, 'A11', '8294829428', '2982948294', '284294824928', 'DJSKFJSKFJ', '1', '2024'),
(30, 'A12', '22482048204820', '2092042042048', '29402492049', 'SKJFSKFJSKFJSKFJ', '1', '2024'),
(31, 'A13', '24920492049', '2492042940294', '49049409406', 'DDFJDSFJSDJ', '1', '2024'),
(32, 'A14', '4284024802480248', '292049204294', '3039309304', 'SOCJSFJSLFSJ', '1', '2024'),
(34, 'A16', '43803583058', '240248240284028', '40694604960496', 'LDFKDLGKLFSKFL', '1', '2024'),
(35, 'A17', '9353253593', '92482942859', '49684964869', 'SSLFJSLFSJFL', '1', '2024'),
(36, 'A18', '24820585052982', '37147927492', '9249242947294', 'DJSLFJSFJS', '1', '2024'),
(37, 'A19', '372427482748', '3186148164846', '83184364826428', 'JDHSKHSJH', '1', '2024'),
(38, 'A20', '2427482742847', '18361831686', '83624826482', 'JDHAJDHASDJHD', '1', '2024'),
(39, 'A21', '31361376316318', '183718313813', '1386128613813', 'KDJSKFSKFSFK', '1', '2024'),
(40, 'A22', '27482648268613', '31631631736', '173613716371', 'SDHSFHSJFSHJF', '1', '2024'),
(41, 'A23', '42482462847842', '72482748274', '24872847248', 'KFJSKFJSKFJF', '1', '2024'),
(42, 'A24', '24242442', '2724827482', '1871831738137', 'ADJHAJDHDJ', '1', '2024'),
(43, 'A25', '361736176', '13718371837', '13613816378', 'SHSJHSDH', '1', '2024'),
(44, 'A26', '24824624624', '17617361736', '17361736173', 'XXASHAHDAG', '1', '2024'),
(45, 'A27', '361736731', '136131637136', '17361736173', 'JBSAJDJD', '1', '2024'),
(46, 'A28', '613763716317', '6323617316', '13617361736', 'DHSDGSHDGSH', '1', '2024'),
(47, 'A29', '11731535', '37613716376', '7362746274', 'SGDHSDGHSDG', '1', '2024'),
(48, 'A30', '13617367367', '2742746', '272455353', 'SIHSFSUDADU', '1', '2024'),
(49, 'A31', '32327352736', '376273627326', '27482742847', 'SAGDJAGDJAGD', '1', '2024'),
(50, 'A32', '17316375371', '7672361273', '161731537', 'DHSUDHDH', '1', '2024'),
(51, 'A33', '3627326732637', '3173173617', '7367361736', 'HSHDGSHDGS', '1', '2024'),
(52, 'A34', '131831638163', '13261736173', '1361736173', 'DGADGAHDG', '1', '2024'),
(53, 'A35', '4824827482', '28728472847', '3861836283', 'DJHSJDSHDJ', '1', '2024'),
(54, 'A36', '3613716373', '1361736173', '617316763', 'SDHSJDHSJD', '1', '2024'),
(55, 'A37', '316371637163', '131381637136', '362736736', 'DJHAJDHASJDH', '1', '2024'),
(56, 'A38', '317351735', '37167313', '136163173', 'DHWDHWJDH', '1', '2024'),
(57, 'A39', '2872847284', '272423535', '131361736712', 'JHDSJCVHSJF', '1', '2024'),
(58, 'A40', '4738573857', '843434', '2362472467', 'ASADEW', '1', '2024'),
(59, 'A41', '13512635635', '131317315317', '6312736273', 'ADADADW', '1', '2024'),
(60, 'A42', '37238238273', '78737287', '3248247284', 'AWWRWDV', '1', '2024'),
(61, 'A43', '4628287', '1719179213', '23729472947', 'UIYIDIWICH', '1', '2024'),
(62, 'A44', '2847282784', '13871283783', '3728436663', 'XHCSJCHSJCH', '1', '2024'),
(63, 'A45', '4728276467', '2235353', '536543646', 'FKDJKSCJKAS', '1', '2024'),
(64, 'A46', '4264264264', '2462846284', '36286283', 'KSCSKDHSKHF', '1', '2024'),
(65, 'A47', '23353758', '2728472847', '27428427847', 'WKJRKJTKJR', '1', '2024'),
(66, 'A48', '2472842482648', '47487482478', '2624624726', 'SHSJHSJFH', '1', '2024'),
(67, 'A49', '335353535', '464797287', '2624726472', 'SHSJFHSJFH', '1', '2024'),
(68, 'A50', '6247264763', '361736173', '627462736', '2428462846', '1', '2024'),
(74, 'A15', '983953859385', '383053850', '2024804820', 'FJDKFJFEFJ', '1', '2024');

-- --------------------------------------------------------

--
-- Struktur dari tabel `hasil`
--

CREATE TABLE `hasil` (
  `id_hasil` int(11) NOT NULL,
  `id_alternatif` int(11) NOT NULL,
  `nilai` float NOT NULL
) ENGINE=InnoDB DEFAULT CHARSET=latin1 COLLATE=latin1_swedish_ci;

-- --------------------------------------------------------

--
-- Struktur dari tabel `kriteria`
--

CREATE TABLE `kriteria` (
  `id_kriteria` int(11) NOT NULL,
  `kode_kriteria` varchar(10) NOT NULL,
  `nama` varchar(50) NOT NULL,
  `type` enum('Benefit','Cost') NOT NULL,
  `bobot` float NOT NULL,
  `tahap` varchar(100) NOT NULL,
  `tahun` varchar(100) NOT NULL
) ENGINE=InnoDB DEFAULT CHARSET=latin1 COLLATE=latin1_swedish_ci;

--
-- Dumping data untuk tabel `kriteria`
--

INSERT INTO `kriteria` (`id_kriteria`, `kode_kriteria`, `nama`, `type`, `bobot`, `tahap`, `tahun`) VALUES
(12, 'C1', 'Penghasilan Keluarga', 'Cost', 0.3, '1', '2024'),
(13, 'C2', 'Komponen Keluarga', 'Benefit', 0.25, '1', '2024'),
(14, 'C3', 'Tanggungan Anak SD', 'Benefit', 0.2, '1', '2024'),
(18, 'C4', 'Tanggungan Anak SMP', 'Benefit', 0.15, '1', '2024'),
(19, 'C5 ', 'Tanggungan Anak SMA', 'Benefit', 0.1, '1', '2024');

-- --------------------------------------------------------

--
-- Struktur dari tabel `penilaian`
--

CREATE TABLE `penilaian` (
  `id_penilaian` int(11) NOT NULL,
  `id_alternatif` int(10) NOT NULL,
  `id_kriteria` int(10) NOT NULL,
  `nilai` float NOT NULL,
  `tahap` varchar(100) NOT NULL,
  `tahun` varchar(100) NOT NULL
) ENGINE=InnoDB DEFAULT CHARSET=latin1 COLLATE=latin1_swedish_ci;

--
-- Dumping data untuk tabel `penilaian`
--

INSERT INTO `penilaian` (`id_penilaian`, `id_alternatif`, `id_kriteria`, `nilai`, `tahap`, `tahun`) VALUES
(40, 25, 12, 16, '', ''),
(41, 25, 13, 27, '', ''),
(42, 25, 14, 24, '', ''),
(43, 25, 18, 34, '', ''),
(44, 25, 19, 38, '', ''),
(45, 24, 12, 16, '', ''),
(46, 24, 13, 28, '', ''),
(47, 24, 14, 23, '', ''),
(48, 24, 18, 33, '', ''),
(49, 24, 19, 39, '', ''),
(50, 26, 12, 13, '', ''),
(51, 26, 13, 28, '', ''),
(52, 26, 14, 23, '', ''),
(53, 26, 18, 33, '', ''),
(54, 26, 19, 38, '', ''),
(55, 27, 12, 16, '', ''),
(56, 27, 13, 20, '', ''),
(57, 27, 14, 23, '', ''),
(58, 27, 18, 33, '', ''),
(59, 27, 19, 38, '', ''),
(65, 29, 12, 15, '', ''),
(66, 29, 13, 28, '', ''),
(67, 29, 14, 23, '', ''),
(68, 29, 18, 34, '', ''),
(69, 29, 19, 39, '', ''),
(70, 30, 12, 16, '', ''),
(71, 30, 13, 27, '', ''),
(72, 30, 14, 23, '', ''),
(73, 30, 18, 34, '', ''),
(74, 30, 19, 38, '', ''),
(75, 31, 12, 15, '', ''),
(76, 31, 13, 27, '', ''),
(77, 31, 14, 24, '', ''),
(78, 31, 18, 34, '', ''),
(79, 31, 19, 38, '', ''),
(80, 32, 12, 16, '', ''),
(81, 32, 13, 28, '', ''),
(82, 32, 14, 23, '', ''),
(83, 32, 18, 33, '', ''),
(84, 32, 19, 39, '', ''),
(85, 33, 12, 13, '', ''),
(86, 33, 13, 28, '', ''),
(87, 33, 14, 23, '', ''),
(88, 33, 18, 33, '', ''),
(89, 33, 19, 39, '', ''),
(90, 34, 12, 16, '', ''),
(91, 34, 13, 27, '', ''),
(92, 34, 14, 22, '', ''),
(93, 34, 18, 34, '', ''),
(94, 34, 19, 39, '', ''),
(95, 35, 12, 13, '', ''),
(96, 35, 13, 20, '', ''),
(97, 35, 14, 24, '', ''),
(98, 35, 18, 32, '', ''),
(99, 35, 19, 38, '', ''),
(100, 36, 12, 14, '', ''),
(101, 36, 13, 20, '', ''),
(102, 36, 14, 23, '', ''),
(103, 36, 18, 34, '', ''),
(104, 36, 19, 38, '', ''),
(105, 37, 12, 15, '', ''),
(106, 37, 13, 28, '', ''),
(107, 37, 14, 24, '', ''),
(108, 37, 18, 34, '', ''),
(109, 37, 19, 37, '', ''),
(110, 38, 12, 15, '', ''),
(111, 38, 13, 28, '', ''),
(112, 38, 14, 24, '', ''),
(113, 38, 18, 34, '', ''),
(114, 38, 19, 39, '', ''),
(120, 39, 12, 13, '', ''),
(121, 39, 13, 28, '', ''),
(122, 39, 14, 23, '', ''),
(123, 39, 18, 34, '', ''),
(124, 39, 19, 39, '', ''),
(125, 40, 12, 13, '', ''),
(126, 40, 13, 27, '', ''),
(127, 40, 14, 23, '', ''),
(128, 40, 18, 34, '', ''),
(129, 40, 19, 38, '', ''),
(135, 42, 12, 26, '', ''),
(136, 42, 13, 28, '', ''),
(137, 42, 14, 24, '', ''),
(138, 42, 18, 34, '', ''),
(139, 42, 19, 38, '', ''),
(140, 41, 12, 14, '', ''),
(141, 41, 13, 28, '', ''),
(142, 41, 14, 24, '', ''),
(143, 41, 18, 34, '', ''),
(144, 41, 19, 38, '', ''),
(145, 43, 12, 16, '', ''),
(146, 43, 13, 28, '', ''),
(147, 43, 14, 23, '', ''),
(148, 43, 18, 34, '', ''),
(149, 43, 19, 39, '', ''),
(150, 44, 12, 15, '', ''),
(151, 44, 13, 28, '', ''),
(152, 44, 14, 24, '', ''),
(153, 44, 18, 34, '', ''),
(154, 44, 19, 39, '', ''),
(155, 45, 12, 16, '', ''),
(156, 45, 13, 27, '', ''),
(157, 45, 14, 24, '', ''),
(158, 45, 18, 33, '', ''),
(159, 45, 19, 38, '', ''),
(160, 46, 12, 13, '', ''),
(161, 46, 13, 28, '', ''),
(162, 46, 14, 22, '', ''),
(163, 46, 18, 34, '', ''),
(164, 46, 19, 39, '', ''),
(165, 47, 12, 15, '', ''),
(166, 47, 13, 28, '', ''),
(167, 47, 14, 23, '', ''),
(168, 47, 18, 34, '', ''),
(169, 47, 19, 39, '', ''),
(170, 48, 12, 13, '', ''),
(171, 48, 13, 28, '', ''),
(172, 48, 14, 24, '', ''),
(173, 48, 18, 33, '', ''),
(174, 48, 19, 39, '', ''),
(175, 49, 12, 14, '', ''),
(176, 49, 13, 28, '', ''),
(177, 49, 14, 24, '', ''),
(178, 49, 18, 34, '', ''),
(179, 49, 19, 39, '', ''),
(180, 50, 12, 26, '', ''),
(181, 50, 13, 21, '', ''),
(182, 50, 14, 29, '', ''),
(183, 50, 18, 34, '', ''),
(184, 50, 19, 39, '', ''),
(190, 52, 12, 13, '', ''),
(191, 52, 13, 19, '', ''),
(192, 52, 14, 24, '', ''),
(193, 52, 18, 34, '', ''),
(194, 52, 19, 39, '', ''),
(195, 53, 12, 13, '', ''),
(196, 53, 13, 19, '', ''),
(197, 53, 14, 23, '', ''),
(198, 53, 18, 32, '', ''),
(199, 53, 19, 39, '', ''),
(200, 54, 12, 16, '', ''),
(201, 54, 13, 28, '', ''),
(202, 54, 14, 24, '', ''),
(203, 54, 18, 33, '', ''),
(204, 54, 19, 39, '', ''),
(205, 55, 12, 15, '', ''),
(206, 55, 13, 28, '', ''),
(207, 55, 14, 29, '', ''),
(208, 55, 18, 34, '', ''),
(209, 55, 19, 39, '', ''),
(210, 56, 12, 26, '', ''),
(211, 56, 13, 20, '', ''),
(212, 56, 14, 23, '', ''),
(213, 56, 18, 34, '', ''),
(214, 56, 19, 39, '', ''),
(215, 57, 12, 14, '', ''),
(216, 57, 13, 27, '', ''),
(217, 57, 14, 23, '', ''),
(218, 57, 18, 33, '', ''),
(219, 57, 19, 38, '', ''),
(220, 58, 12, 15, '', ''),
(221, 58, 13, 20, '', ''),
(222, 58, 14, 22, '', ''),
(223, 58, 18, 32, '', ''),
(224, 58, 19, 37, '', ''),
(225, 59, 12, 13, '', ''),
(226, 59, 13, 28, '', ''),
(227, 59, 14, 24, '', ''),
(228, 59, 18, 34, '', ''),
(229, 59, 19, 38, '', ''),
(230, 60, 12, 13, '', ''),
(231, 60, 13, 27, '', ''),
(232, 60, 14, 24, '', ''),
(233, 60, 18, 34, '', ''),
(234, 60, 19, 39, '', ''),
(235, 61, 12, 16, '', ''),
(236, 61, 13, 20, '', ''),
(237, 61, 14, 23, '', ''),
(238, 61, 18, 32, '', ''),
(239, 61, 19, 36, '', ''),
(240, 62, 12, 13, '', ''),
(241, 62, 13, 19, '', ''),
(242, 62, 14, 24, '', ''),
(243, 62, 18, 31, '', ''),
(244, 62, 19, 39, '', ''),
(245, 63, 12, 16, '', ''),
(246, 63, 13, 28, '', ''),
(247, 63, 14, 24, '', ''),
(248, 63, 18, 31, '', ''),
(249, 63, 19, 39, '', ''),
(255, 65, 12, 14, '', ''),
(256, 65, 13, 27, '', ''),
(257, 65, 14, 23, '', ''),
(258, 65, 18, 33, '', ''),
(259, 65, 19, 39, '', ''),
(260, 66, 12, 13, '', ''),
(261, 66, 13, 28, '', ''),
(262, 66, 14, 23, '', ''),
(263, 66, 18, 33, '', ''),
(264, 66, 19, 39, '', ''),
(265, 67, 12, 26, '', ''),
(266, 67, 13, 28, '', ''),
(267, 67, 14, 24, '', ''),
(268, 67, 18, 34, '', ''),
(269, 67, 19, 39, '', ''),
(270, 68, 12, 14, '', ''),
(271, 68, 13, 28, '', ''),
(272, 68, 14, 24, '', ''),
(273, 68, 18, 34, '', ''),
(274, 68, 19, 39, '', ''),
(275, 64, 12, 14, '', ''),
(276, 64, 13, 27, '', ''),
(277, 64, 14, 23, '', ''),
(278, 64, 18, 33, '', ''),
(279, 64, 19, 39, '', ''),
(425, 28, 12, 13, '', ''),
(426, 28, 13, 28, '', ''),
(427, 28, 14, 24, '', ''),
(428, 28, 18, 34, '', ''),
(429, 28, 19, 39, '', ''),
(430, 12, 12, 16, '', ''),
(431, 12, 13, 27, '', ''),
(432, 12, 14, 24, '', ''),
(433, 12, 18, 33, '', ''),
(434, 12, 19, 38, '', ''),
(440, 13, 12, 15, '', ''),
(441, 13, 13, 28, '', ''),
(442, 13, 14, 24, '', ''),
(443, 13, 18, 34, '', ''),
(444, 13, 19, 39, '', ''),
(445, 22, 12, 15, '', ''),
(446, 22, 13, 28, '', ''),
(447, 22, 14, 24, '', ''),
(448, 22, 18, 34, '', ''),
(449, 22, 19, 38, '', ''),
(450, 51, 12, 26, '', ''),
(451, 51, 13, 28, '', ''),
(452, 51, 14, 23, '', ''),
(453, 51, 18, 32, '', ''),
(454, 51, 19, 39, '', ''),
(455, 23, 12, 15, '', ''),
(456, 23, 13, 27, '', ''),
(457, 23, 14, 24, '', ''),
(458, 23, 18, 33, '', ''),
(459, 23, 19, 38, '', ''),
(470, 11, 12, 13, '', ''),
(471, 11, 13, 20, '', ''),
(472, 11, 14, 22, '', ''),
(473, 11, 18, 34, '', ''),
(474, 11, 19, 38, '', ''),
(485, 74, 12, 13, '', ''),
(486, 74, 13, 28, '', ''),
(487, 74, 14, 23, '', ''),
(488, 74, 18, 33, '', ''),
(489, 74, 19, 39, '', '');

-- --------------------------------------------------------

--
-- Struktur dari tabel `periode`
--

CREATE TABLE `periode` (
  `id_periode` int(11) NOT NULL,
  `tahap` varchar(100) NOT NULL,
  `tahun` varchar(100) NOT NULL
) ENGINE=InnoDB DEFAULT CHARSET=utf8mb4 COLLATE=utf8mb4_general_ci;

--
-- Dumping data untuk tabel `periode`
--

INSERT INTO `periode` (`id_periode`, `tahap`, `tahun`) VALUES
(1, '1', '2024');

-- --------------------------------------------------------

--
-- Struktur dari tabel `sub_kriteria`
--

CREATE TABLE `sub_kriteria` (
  `id_sub_kriteria` int(11) NOT NULL,
  `id_kriteria` int(11) NOT NULL,
  `nama` varchar(100) NOT NULL,
  `nilai` float NOT NULL,
  `tahap` varchar(100) NOT NULL,
  `tahun` varchar(100) NOT NULL
) ENGINE=InnoDB DEFAULT CHARSET=latin1 COLLATE=latin1_swedish_ci;

--
-- Dumping data untuk tabel `sub_kriteria`
--

INSERT INTO `sub_kriteria` (`id_sub_kriteria`, `id_kriteria`, `nama`, `nilai`, `tahap`, `tahun`) VALUES
(13, 12, '< Rp900.000,00', 1, '1', '2024'),
(14, 12, 'Rp1.700.000,00 - Rp2.099.999,00', 4, '1', '2024'),
(15, 12, 'Rp1.300.000,00 - Rp1.699.999,00', 3, '1', '2024'),
(16, 12, 'Rp900.000,00 - Rp1.299.999,00', 2, '1', '2024'),
(19, 13, 'Ada tiga diantara (Usia Dini, Ibu Hamil, Lansia da', 4, '1', '2024'),
(20, 13, 'Ada dua diantara (Usia Dini, Ibu Hamil, Lansia dan', 3, '1', '2024'),
(21, 13, 'Ada Semua(Usia Dini, Ibu Hamil, Lansia dan Disabilitas)', 5, '1', '2024'),
(22, 14, '2 orang', 3, '1', '2024'),
(23, 14, '1 orang', 2, '1', '2024'),
(24, 14, 'Tidak Ada', 1, '1', '2024'),
(25, 14, '> 3 orang', 5, '1', '2024'),
(26, 12, '>= Rp2.100.000,00', 5, '1', '2024'),
(27, 13, 'Ada salah satu diantara (Usia Dini, Ibu Hamil, Lan', 2, '1', '2024'),
(28, 13, 'Tidak ada dalam (Usia Dini, Ibu Hamil, Lansia dan ', 1, '1', '2024'),
(29, 14, '3 orang', 4, '1', '2024'),
(30, 18, '> 3 orang', 5, '1', '2024'),
(31, 18, '3 orang', 4, '1', '2024'),
(32, 18, '2 orang', 3, '1', '2024'),
(33, 18, '1 orang', 2, '1', '2024'),
(34, 18, 'Tidak Ada', 1, '1', '2024'),
(35, 19, '> 3 orang', 5, '1', '2024'),
(36, 19, '3 orang', 4, '1', '2024'),
(37, 19, '2 orang', 3, '1', '2024'),
(38, 19, '1 orang', 2, '1', '2024'),
(39, 19, 'Tidak Ada', 1, '1', '2024');

-- --------------------------------------------------------

--
-- Struktur dari tabel `user`
--

CREATE TABLE `user` (
  `id_user` int(5) NOT NULL,
  `username` varchar(16) NOT NULL,
  `password` varchar(50) NOT NULL,
  `nama` varchar(70) NOT NULL,
  `email` varchar(50) DEFAULT NULL,
  `role` char(1) NOT NULL
) ENGINE=InnoDB DEFAULT CHARSET=latin1 COLLATE=latin1_swedish_ci;

--
-- Dumping data untuk tabel `user`
--

INSERT INTO `user` (`id_user`, `username`, `password`, `nama`, `email`, `role`) VALUES
(1, 'admin', 'd033e22ae348aeb5660fc2140aec35850c4da997', 'Admin', 'admin@gmail.com', '1'),
(8, 'user', '12dea96fec20593566ab75692c9949596833adc9', 'User', 'user@gmail.com', '2');

--
-- Indexes for dumped tables
--

--
-- Indeks untuk tabel `alternatif`
--
ALTER TABLE `alternatif`
  ADD PRIMARY KEY (`id_alternatif`);

--
-- Indeks untuk tabel `hasil`
--
ALTER TABLE `hasil`
  ADD PRIMARY KEY (`id_hasil`);

--
-- Indeks untuk tabel `kriteria`
--
ALTER TABLE `kriteria`
  ADD PRIMARY KEY (`id_kriteria`);

--
-- Indeks untuk tabel `penilaian`
--
ALTER TABLE `penilaian`
  ADD PRIMARY KEY (`id_penilaian`);

--
-- Indeks untuk tabel `periode`
--
ALTER TABLE `periode`
  ADD PRIMARY KEY (`id_periode`);

--
-- Indeks untuk tabel `sub_kriteria`
--
ALTER TABLE `sub_kriteria`
  ADD PRIMARY KEY (`id_sub_kriteria`);

--
-- Indeks untuk tabel `user`
--
ALTER TABLE `user`
  ADD PRIMARY KEY (`id_user`);

--
-- AUTO_INCREMENT untuk tabel yang dibuang
--

--
-- AUTO_INCREMENT untuk tabel `alternatif`
--
ALTER TABLE `alternatif`
  MODIFY `id_alternatif` int(11) NOT NULL AUTO_INCREMENT, AUTO_INCREMENT=79;

--
-- AUTO_INCREMENT untuk tabel `hasil`
--
ALTER TABLE `hasil`
  MODIFY `id_hasil` int(11) NOT NULL AUTO_INCREMENT;

--
-- AUTO_INCREMENT untuk tabel `kriteria`
--
ALTER TABLE `kriteria`
  MODIFY `id_kriteria` int(11) NOT NULL AUTO_INCREMENT, AUTO_INCREMENT=23;

--
-- AUTO_INCREMENT untuk tabel `penilaian`
--
ALTER TABLE `penilaian`
  MODIFY `id_penilaian` int(11) NOT NULL AUTO_INCREMENT, AUTO_INCREMENT=490;

--
-- AUTO_INCREMENT untuk tabel `periode`
--
ALTER TABLE `periode`
  MODIFY `id_periode` int(11) NOT NULL AUTO_INCREMENT, AUTO_INCREMENT=2;

--
-- AUTO_INCREMENT untuk tabel `sub_kriteria`
--
ALTER TABLE `sub_kriteria`
  MODIFY `id_sub_kriteria` int(11) NOT NULL AUTO_INCREMENT, AUTO_INCREMENT=44;

--
-- AUTO_INCREMENT untuk tabel `user`
--
ALTER TABLE `user`
  MODIFY `id_user` int(5) NOT NULL AUTO_INCREMENT, AUTO_INCREMENT=10;
COMMIT;

/*!40101 SET CHARACTER_SET_CLIENT=@OLD_CHARACTER_SET_CLIENT */;
/*!40101 SET CHARACTER_SET_RESULTS=@OLD_CHARACTER_SET_RESULTS */;
/*!40101 SET COLLATION_CONNECTION=@OLD_COLLATION_CONNECTION */;
